sku,nombre,descripcion_corta,descripcion_larga,precio_cop,activo,peso_gramos,largo_mm,ancho_mm,alto_mm,fotos
SKU-GL001,Grifo lavamanos alto,"Monocomando de cuello alto, acabado cromado","Grifo monocomando de cuello alto para lavamanos de sobreponer, cuerpo en latón con acabado cromado, cartucho cerámico de 35 mm y aireador ahorrador de agua. Incluye mangueras de conexión de 40 cm.",289000,si,1300,220,120,260,https://thumb.wikimedia.org/wikipedia/commons/thumb/b/be/Bathroom_Faucet.jpg/960px-Bathroom_Faucet.jpg;https://thumb.wikimedia.org/wikipedia/commons/thumb/6/65/Toilet_hand_wash_porcelain_basin_sink_and_faucet_tap_in_a_bathroom_in_a_small_hotel_in_Tysnes%2C_Hordaland%2C_Norway_2018-03-18_F.jpg/960px-Toilet_hand_wash_porcelain_basin_sink_and_faucet_tap_in_a_bathroom_in_a_small_hotel_in_Tysnes%2C_Hordaland%2C_Norway_2018-03-18_F.jpg
SKU-GL002,Grifo dos llaves cromado,"Mezclador de dos llaves para lavamanos, cromado","Mezclador clásico de dos llaves para lavamanos con base de 4 pulgadas, cuerpo cromado y maneta tipo palanca. Se instala en orificio único y trae desagüe con tapón automático.",139000,si,900,200,140,160,https://upload.wikimedia.org/wikipedia/commons/4/43/Regent_faucet.jpg;https://upload.wikimedia.org/wikipedia/commons/1/1d/Faucet_in_a_bathroom_sink.jpg
SKU-GC001,Grifo cocina cisne,Grifo de cocina cuello de cisne giratorio 360,"Grifo monocomando de cocina con caño tipo cuello de cisne giratorio 360 grados, acabado cromado brillante, apto para lavaplatos de una o dos pocetas. Instalación en un solo orificio.",249000,si,1600,250,120,380,https://thumb.wikimedia.org/wikipedia/commons/thumb/5/52/Kitchen_Faucet_1.jpg/960px-Kitchen_Faucet_1.jpg
SKU-GC002,Grifo cocina extraíble,Grifo de cocina con ducha extraíble de dos chorros,"Mezclador monocomando de cocina con ducha extraíble de dos funciones (chorro y lluvia), manguera flexible de 60 cm con contrapeso y acabado en acero satinado. Ideal para enjuagar ollas y poceta.",389000,si,2100,280,140,420,https://upload.wikimedia.org/wikipedia/commons/d/d8/Franke_faucet_FF_380_kitchen_sink.jpg
SKU-GC003,Grifo cocina cuello alto,"Grifo de cocina cuello alto, palanca lateral","Grifo monocomando para lavaplatos con caño alto de 35 cm y palanca lateral de fácil manejo, cuerpo metálico con acabado satinado y cartucho cerámico de larga duración.",219000,si,1700,260,120,400,https://thumb.wikimedia.org/wikipedia/commons/thumb/1/1d/Kitchen_Faucet_2.jpg/960px-Kitchen_Faucet_2.jpg
SKU-RD001,Regadera de mano,Regadera de mano cromada con 3 modos de chorro,"Regadera de mano con tres modos de chorro (lluvia, masaje y mixto), cuerpo en ABS cromado y boquillas antical de silicona. Rosca universal de media pulgada, se vende sin manguera.",59000,si,350,260,90,90,https://thumb.wikimedia.org/wikipedia/commons/thumb/7/79/Shower_head_~171210.jpg/960px-Shower_head_~171210.jpg
SKU-RD002,Regadera fija con brazo,Regadera fija de pared con brazo curvo cromado,Regadera fija de pared con brazo curvo en acero cromado y cabezal redondo de 20 cm con boquillas antical. Incluye cinta teflón y copa de sujeción. Compatible con mezcladores estándar.,119000,si,900,300,260,110,https://thumb.wikimedia.org/wikipedia/commons/thumb/7/7e/Showerhead.JPG/960px-Showerhead.JPG
SKU-RD003,Mezclador tina y ducha,Mezclador de tina con ducha de mano y manguera,"Mezclador de pared para tina con ducha de mano, manguera flexible de 1,5 m, desviador de caudal y cuerpo en latón cromado. Entrada de agua con separación estándar de 15 cm.",459000,si,2800,380,240,300,https://upload.wikimedia.org/wikipedia/commons/2/2b/Handheld_Shower_head.jpg;https://thumb.wikimedia.org/wikipedia/commons/thumb/9/97/Shower_head_for_bath_tube.jpg/960px-Shower_head_for_bath_tube.jpg
SKU-RD004,Regadera multichorro,Regadera de mano con cuerpo ancho y chorro suave,"Regadera de mano multichorro de cuerpo ancho con cabezal de 11 cm, flujo suave y agradable, cuerpo cromado y boquillas fáciles de limpiar. Rosca universal de media pulgada.",79000,si,600,250,120,120,https://thumb.wikimedia.org/wikipedia/commons/thumb/e/e2/Shower_head.JPG/960px-Shower_head.JPG
SKU-SN001,Sanitario tipo taza,Sanitario de taza redonda en porcelana blanca,Taza sanitaria redonda en porcelana vitrificada blanca con salida al piso y descarga de 6 litros. Se vende con la taza sin tanque ni asiento; el tanque y el herraje se ofrecen por separado.,329000,si,17500,650,380,400,https://thumb.wikimedia.org/wikipedia/commons/thumb/4/4b/Flush_toilet_bowl_1.jpg/960px-Flush_toilet_bowl_1.jpg
SKU-SN002,Sanitario alargado,"Sanitario alargado de porcelana, descarga dual",Sanitario alargado en porcelana vitrificada blanca con descarga dual de 3 y 6 litros y salida al piso. Altura cómoda para uso diario y superficie lisa antiadherente fácil de limpiar.,479000,si,21000,700,390,420,https://thumb.wikimedia.org/wikipedia/commons/thumb/9/9d/Flush_toilet_bowl_5.jpg/960px-Flush_toilet_bowl_5.jpg
SKU-SN003,Bidé de pared,Bidé de pared en porcelana blanca,Bidé suspendido de pared en porcelana vitrificada blanca con orificio para grifería monocomando y rebosadero integrado. Incluye kit de fijación oculta.,359000,si,9500,550,370,300,https://thumb.wikimedia.org/wikipedia/commons/thumb/3/35/Bidet_weiss.jpg/960px-Bidet_weiss.jpg
SKU-AS001,Sifón en S lavamanos,"Sifón en S de PVC para lavamanos, salida de 1 1/4","Sifón en S de PVC gris con conexión de 1 1/4 pulgada, tuerca de ajuste y empaques incluidos. Sirve para lavamanos y lavaplatos de poceta sencilla. Fácil de desarmar para limpieza.",38000,si,450,250,150,250,https://thumb.wikimedia.org/wikipedia/commons/thumb/7/7b/Sifon.JPG/960px-Sifon.JPG
SKU-AS002,Toallero de barras,Toallero de pared con barras en acero inoxidable,"Toallero de barras horizontales en acero inoxidable pulido con ocho travesaños, para instalar en pared con fijaciones incluidas. Permite colgar varias toallas y airearlas.",269000,si,3200,520,120,900,https://thumb.wikimedia.org/wikipedia/commons/thumb/d/dd/Heated_Towel_Rail.jpg/960px-Heated_Towel_Rail.jpg
SKU-AS003,Dispensador de jabón,"Dispensador de jabón líquido de pared, 500 ml",Dispensador de pared para jabón líquido con depósito transparente de 500 ml y pulsador frontal. Se fija con tornillos o adhesivo incluidos. Ideal para baños y cocinas.,45000,si,320,110,100,200,https://thumb.wikimedia.org/wikipedia/commons/thumb/b/b0/Pink_soap_in_a_bathroom_dispenser_on_the_wall.jpg/960px-Pink_soap_in_a_bathroom_dispenser_on_the_wall.jpg
SKU-AS004,Portarrollos doble,Portarrollos doble de pared en acero inoxidable,Portarrollos doble de pared en acero inoxidable con dos ejes para papel higiénico y tapa protectora. Incluye chazos y tornillos para instalación en pared.,52000,si,600,300,100,120,https://thumb.wikimedia.org/wikipedia/commons/thumb/8/81/Lockable_Toilet_paper_holder_%285161380998%29.jpg/960px-Lockable_Toilet_paper_holder_%285161380998%29.jpg
SKU-AS005,Llave de paso angular,"Llave de paso angular de media pulgada, cromada","Llave de paso angular cromada de media pulgada para el suministro de sanitarios y lavamanos. Producto de prueba marcado como inactivo, sin fotos.",28000,no,220,80,60,60,
